{"Assets/fonts/Roboto-Black.ttf":["Assets/fonts/Roboto-Black.ttf"],"Assets/fonts/Roboto-BlackItalic.ttf":["Assets/fonts/Roboto-BlackItalic.ttf"],"Assets/fonts/Roboto-Bold.ttf":["Assets/fonts/Roboto-Bold.ttf"],"Assets/fonts/Roboto-Italic.ttf":["Assets/fonts/Roboto-Italic.ttf"],"Assets/fonts/Roboto-Light.ttf":["Assets/fonts/Roboto-Light.ttf"],"Assets/fonts/Roboto-LightItalic.ttf":["Assets/fonts/Roboto-LightItalic.ttf"],"Assets/fonts/Roboto-Regular.ttf":["Assets/fonts/Roboto-Regular.ttf"],"Assets/logo/app_logo.png":["Assets/logo/app_logo.png"],"Assets/png/booking_success_bg.png":["Assets/png/booking_success_bg.png"],"Assets/png/home_banner_img2.png":["Assets/png/home_banner_img2.png"],"Assets/png/house_care_giver.jpg":["Assets/png/house_care_giver.jpg"],"Assets/png/ic_pet_cat.png":["Assets/png/ic_pet_cat.png"],"Assets/png/ic_pet_dog.png":["Assets/png/ic_pet_dog.png"],"Assets/png/ic_whatsapp.png":["Assets/png/ic_whatsapp.png"],"Assets/png/login_bg_img2.png":["Assets/png/login_bg_img2.png"],"Assets/png/pet_care_giver.jpg":["Assets/png/pet_care_giver.jpg"],"Assets/png/screen_1.png":["Assets/png/screen_1.png"],"Assets/png/screen_2.png":["Assets/png/screen_2.png"],"Assets/png/screen_3.png":["Assets/png/screen_3.png"],"Assets/svg/ic_background_check.svg":["Assets/svg/ic_background_check.svg"],"Assets/svg/ic_calendar.svg":["Assets/svg/ic_calendar.svg"],"Assets/svg/ic_dates.svg":["Assets/svg/ic_dates.svg"],"Assets/svg/ic_distance.svg":["Assets/svg/ic_distance.svg"],"Assets/svg/ic_filter.svg":["Assets/svg/ic_filter.svg"],"Assets/svg/ic_gold_badge.svg":["Assets/svg/ic_gold_badge.svg"],"Assets/svg/ic_jobs.svg":["Assets/svg/ic_jobs.svg"],"Assets/svg/ic_location.svg":["Assets/svg/ic_location.svg"],"Assets/svg/ic_locator_pin.svg":["Assets/svg/ic_locator_pin.svg"],"Assets/svg/ic_logout.svg":["Assets/svg/ic_logout.svg"],"Assets/svg/ic_maps_home.svg":["Assets/svg/ic_maps_home.svg"],"Assets/svg/ic_navigation.svg":["Assets/svg/ic_navigation.svg"],"Assets/svg/ic_notification_icon.svg":["Assets/svg/ic_notification_icon.svg"],"Assets/svg/ic_notifications.svg":["Assets/svg/ic_notifications.svg"],"Assets/svg/ic_photo_verification_done.svg":["Assets/svg/ic_photo_verification_done.svg"],"Assets/svg/ic_ratings.svg":["Assets/svg/ic_ratings.svg"],"Assets/svg/ic_rewards.svg":["Assets/svg/ic_rewards.svg"],"Assets/svg/ic_verified.svg":["Assets/svg/ic_verified.svg"],"Assets/svg/img_invite.svg":["Assets/svg/img_invite.svg"],"Assets/svg/nav_activce_home.svg":["Assets/svg/nav_activce_home.svg"],"Assets/svg/nav_activce_orders.svg":["Assets/svg/nav_activce_orders.svg"],"Assets/svg/nav_activce_profile.svg":["Assets/svg/nav_activce_profile.svg"],"Assets/svg/nav_activce_search.svg":["Assets/svg/nav_activce_search.svg"],"Assets/svg/nav_inactive_home.svg":["Assets/svg/nav_inactive_home.svg"],"Assets/svg/nav_inactive_orders.svg":["Assets/svg/nav_inactive_orders.svg"],"Assets/svg/nav_inactive_profile.svg":["Assets/svg/nav_inactive_profile.svg"],"Assets/svg/nav_inactive_search.svg":["Assets/svg/nav_inactive_search.svg"],"Assets/svg/nav_orders_white.svg":["Assets/svg/nav_orders_white.svg"],"Assets/svg/profile-invite.svg":["Assets/svg/profile-invite.svg"],"Assets/svg/profile-ratings.svg":["Assets/svg/profile-ratings.svg"],"Assets/svg/profile-rewards.svg":["Assets/svg/profile-rewards.svg"],"Assets/svg/profile_billing.svg":["Assets/svg/profile_billing.svg"],"Assets/svg/profile_faq.svg":["Assets/svg/profile_faq.svg"],"Assets/svg/profile_manage_pets.svg":["Assets/svg/profile_manage_pets.svg"],"Assets/svg/profile_placeholder_img.svg":["Assets/svg/profile_placeholder_img.svg"],"Assets/svg/profile_priv_poli.svg":["Assets/svg/profile_priv_poli.svg"],"Assets/svg/profile_user_details.svg":["Assets/svg/profile_user_details.svg"],"packages/cupertino_icons/assets/CupertinoIcons.ttf":["packages/cupertino_icons/assets/CupertinoIcons.ttf"],"packages/flutter_google_places/assets/google_black.png":["packages/flutter_google_places/assets/google_black.png"],"packages/flutter_google_places/assets/google_white.png":["packages/flutter_google_places/assets/google_white.png"],"packages/fluttertoast/assets/toastify.css":["packages/fluttertoast/assets/toastify.css"],"packages/fluttertoast/assets/toastify.js":["packages/fluttertoast/assets/toastify.js"]}