[{"family":"MaterialIcons","fonts":[{"asset":"fonts/MaterialIcons-Regular.otf"}]},{"family":"Roboto","fonts":[{"asset":"Assets/fonts/Roboto-Black.ttf"},{"asset":"Assets/fonts/Roboto-BlackItalic.ttf"},{"asset":"Assets/fonts/Roboto-Bold.ttf"},{"asset":"Assets/fonts/Roboto-Italic.ttf"},{"asset":"Assets/fonts/Roboto-Light.ttf"},{"asset":"Assets/fonts/Roboto-LightItalic.ttf"},{"asset":"Assets/fonts/Roboto-Regular.ttf"}]},{"family":"packages/cupertino_icons/CupertinoIcons","fonts":[{"asset":"packages/cupertino_icons/assets/CupertinoIcons.ttf"}]}]